{"Logistic Regression": {"Accuracy": 0.7761194029850746, "Precision": 0.6956521739130435, "Recall": 0.6666666666666666, "F1": 0.6808510638297872, "AUC": 0.8624031007751938}, "Decision Tree": {"Accuracy": 0.7611940298507462, "Precision": 0.75, "Recall": 0.5, "F1": 0.6, "AUC": 0.8187984496124032}, "Random Forest": {"Accuracy": 0.7313432835820896, "Precision": 0.6875, "Recall": 0.4583333333333333, "F1": 0.55, "AUC": 0.8197674418604651}, "SVM": {"Accuracy": 0.7313432835820896, "Precision": 0.6875, "Recall": 0.4583333333333333, "F1": 0.55, "AUC": 0.8672480620155039}, "Naive Bayes": {"Accuracy": 0.6865671641791045, "Precision": 0.5714285714285714, "Recall": 0.5, "F1": 0.5333333333333333, "AUC": 0.7906976744186046}}